<keymap version="1" name="VSCode (Migrated)" parent="VSCode">
  <action id="ActivateProjectToolWindow">
    <keyboard-shortcut first-keystroke="alt e" />
  </action>
  <action id="ActivateTerminalToolWindow">
    <keyboard-shortcut first-keystroke="shift ctrl c" />
  </action>
  <action id="ChangeSplitOrientation" />
  <action id="CloseAllEditors">
    <keyboard-shortcut first-keystroke="shift ctrl w" />
  </action>
  <action id="CloseAllEditorsButActive" />
  <action id="CommentByLineComment">
    <keyboard-shortcut first-keystroke="ctrl number_sign" />
  </action>
  <action id="CompileDirty">
    <keyboard-shortcut first-keystroke="shift ctrl alt t" second-keystroke="b" />
  </action>
  <action id="Console.TableResult.EditValueMaximized">
    <keyboard-shortcut first-keystroke="shift enter" />
  </action>
  <action id="EditorAddOrRemoveCaret" />
  <action id="EditorCloneCaretAbove" />
  <action id="EditorCloneCaretBelow" />
  <action id="EditorDownWithSelection">
    <keyboard-shortcut first-keystroke="shift ctrl down" />
  </action>
  <action id="EditorSelectWord" />
  <action id="EditorTextEnd">
    <keyboard-shortcut first-keystroke="ctrl end" />
    <keyboard-shortcut first-keystroke="ctrl alt g" />
  </action>
  <action id="EditorTextStart">
    <keyboard-shortcut first-keystroke="ctrl home" />
    <keyboard-shortcut first-keystroke="shift alt g" />
  </action>
  <action id="EditorUpWithSelection">
    <keyboard-shortcut first-keystroke="shift ctrl up" />
  </action>
  <action id="MoveEditorToOppositeTabGroup" />
  <action id="MoveTabRight" />
  <action id="NextSplitter">
    <keyboard-shortcut first-keystroke="ctrl alt right" />
  </action>
  <action id="NextTab" />
  <action id="PrevSplitter">
    <keyboard-shortcut first-keystroke="ctrl alt left" />
  </action>
  <action id="PreviousTab" />
  <action id="QuickActionPopup" />
  <action id="ReopenClosedTab" />
  <action id="SmartSelect" />
  <action id="SmartUnSelect" />
  <action id="SplitChooser" />
  <action id="SplitVertically" />
  <action id="TableResult.GrowSelection" />
  <action id="TableResult.SelectColumn" />
</keymap>